Contest Name,Contest Date,Contest Duration
Codeforces Round (Div. 4),Apr/13/2025 18:35,02:15
Codeforces Round (Div. 1 + Div. 2),Apr/19/2025 17:35,02:00
Codeforces Round (Div. 2),Apr/21/2025 17:35,02:00
Codeforces Round (Div. 1),Apr/26/2025 11:35,02:30
Codeforces Round (Div. 2),Apr/26/2025 11:35,02:30
Codeforces Round (Div. 1),May/03/2025 11:35,02:00
Codeforces Round (Div. 2),May/03/2025 11:35,02:00
Codeforces Round (Div. 1),May/11/2025 17:35,02:30
Codeforces Round (Div. 2),May/11/2025 17:35,02:30
"Ⓐ
◉
AtCoder Beginner Contest 401",2025-04-12 21:00:00+0900,01:40
"Ⓐ
◉
Tokio Marine & Nichido Fire Insurance Programming Contest 2025  (AtCoder Beginner Contest 402)",2025-04-19 21:00:00+0900,01:40
"Ⓐ
◉
AtCoder Grand Contest 072",2025-04-20 21:00:00+0900,03:00
"Ⓗ
◉
BrainPad Programming Contest 2025 （AtCoder Heuristic Contest 046）",2025-04-26 15:00:00+0900,04:00
"Ⓗ
◉
MC Digital Programming Contest 2025 (AtCoder Heuristic Contest 048)",2025-05-30 19:00:00+0900,240:00
"Ⓐ
◉
AtCoder Beginner Contest 410",2025-06-14 21:00:00+0900,01:40
"Ⓐ
◉
World Tour Finals 2025 Algorithm",2025-07-17 12:00:00+0900,05:00
"Ⓐ
◉
World Tour Finals 2025 Algorithm（Open Contest）",2025-07-17 12:00:00+0900,05:00
